clark#7944,532227117283409932,"!hey"
clark#7944,532227117283409932,Guild: 532227117283409930 | Channel: 725730150989168730
LordLeesil#4519,731040084555726890,"!leave"
crub#7944,594316653076938774,"!play https://www.youtube.com/watch?v=yh9MuejmUwM"
Rythm#3722,594316653076938774,"üëç **Joined** `Crub's Yunker` :page_facing_up: **And bound to** `bot-stuff`"
Rythm#3722,594316653076938774,"<:youtube:335112740957978625> **Searching** üîé `https://www.youtube.com/watch?v=yh9MuejmUwM`"
Rythm#3722,594316653076938774,"**Playing** üé∂ `Noisestorm - Crab Rave` - Now!"
Anavrein#6882,731037375240601671,"GŒõZŒ£ I–ü∆¨”® MY Œõ∆ß∆ß  GŒõZŒ£ I–ü∆¨”® MY Œõ∆ß∆ß  GŒõZŒ£ I–ü∆¨”® MY Œõ∆ß∆ß  GŒõZŒ£ I–ü∆¨”® MY Œõ∆ß∆ß  GŒõZŒ£ I–ü∆¨”® MY Œõ∆ß∆ß  GŒõZŒ£ I–ü∆¨”® MY Œõ∆ß∆ß  GŒõZŒ£ I–ü∆¨”® MY Œõ∆ß∆ß  GŒõZŒ£ I–ü∆¨”® MY Œõ∆ß∆ß"
clark#7944,532227117283409932,"!prub"
clark#7944,532227117283409932,"!frub"
Anavrein#6882,731037375240601671,"<:quinUHMYA:730531457583284356> GŒõZŒ£ I–ü∆¨”® MY Œõ∆ß∆ß <:quinUHMYA:730531457583284356> <:quinUHMYA:730531457583284356> GŒõZŒ£ I–ü∆¨”® MY Œõ∆ß∆ß <:quinUHMYA:730531457583284356> <:quinUHMYA:730531457583284356> GŒõZŒ£ I–ü∆¨”® MY Œõ∆ß∆ß <:quinUHMYA:730531457583284356> <:quinUHMYA:730531457583284356> GŒõZŒ£ I–ü∆¨”® MY Œõ∆ß∆ß <:quinUHMYA:730531457583284356> <:quinUHMYA:730531457583284356> GŒõZŒ£ I–ü∆¨”® MY Œõ∆ß∆ß <:quinUHMYA:730531457583284356> <:quinUHMYA:730531457583284356> GŒõZŒ£ I–ü∆¨”® MY Œõ∆ß∆ß <:quinUHMYA:730531457583284356> <:quinUHMYA:730531457583284356> GŒõZŒ£ I–ü∆¨”® MY Œõ∆ß∆ß <:quinUHMYA:730531457583284356> <:quinUHMYA:730531457583284356> GŒõZŒ£ I–ü∆¨”® MY Œõ∆ß∆ß <:quinUHMYA:730531457583284356> <:quinUHMYA:730531457583284356> GŒõZŒ£ I–ü∆¨”® MY Œõ∆ß∆ß <:quinUHMYA:730531457583284356>"
clark#7944,532227117283409932,"!blub"
Anavrein#6882,731037375240601671,"!hey"
Argygle#4747,532227117283409932,"!hey"
Argygle#4747,532227117283409932,Guild: 532227117283409930 | Channel: 725730150989168730
clark#7944,532227117283409932,"!chub"
clark#7944,731036518415597578,"this is retarded"
zook#0770,532227117283409932,"```
clark#7944,532227117283409932,"!hey"
clark#7944,532227117283409932,Guild: 532227117283409930 | Channel: 725730150989168730
LordLeesil#4519,731040084555726890,"!leave"
crub#7944,594316653076938774,"!play https://www.youtube.com/watch?v=yh9MuejmUwM"
Rythm#3722,594316653076938774,"üëç **Joined** `Crub's Yunker` :page_facing_up: **And bound to** `bot-stuff`"
Rythm#3722,594316653076938774,":youtube: **Searching** üîé `https://www.youtube.com/watch?v=yh9MuejmUwM`"
Rythm#3722,594316653076938774,"**Playing** üé∂ `Noisestorm - Crab Rave` - Now!"
Anavrein#6882,731037375240601671,"GŒõZŒ£ I–ü∆¨”® MY Œõ∆ß∆ß  GŒõZŒ£ I–ü∆¨”® MY Œõ∆ß∆ß  GŒõZŒ£ I–ü∆¨”® MY Œõ∆ß∆ß  GŒõZŒ£ I–ü∆¨”® MY Œõ∆ß∆ß  GŒõZŒ£ I–ü∆¨”® MY Œõ∆ß∆ß  GŒõZŒ£ I–ü∆¨”® MY Œõ∆ß∆ß  GŒõZŒ£ I–ü∆¨”® MY Œõ∆ß∆ß  GŒõZŒ£ I–ü∆¨”® MY Œõ∆ß∆ß"
clark#7944,532227117283409932,"!prub"
clark#7944,532227117283409932,"!frub"
Anavrein#6882,731037375240601671,":quinUHMYA: GŒõZŒ£ I–ü∆¨”® MY Œõ∆ß∆ß :quinUHMYA: :quinUHMYA: GŒõZŒ£ I–ü∆¨”® MY Œõ∆ß∆ß :quinUHMYA: :quinUHMYA: GŒõZŒ£ I–ü∆¨”® MY Œõ∆ß∆ß :quinUHMYA: :quinUHMYA: GŒõZŒ£ I–ü∆¨”® MY Œõ∆ß∆ß :quinUHMYA: :quinUHMYA: GŒõZŒ£ I–ü∆¨”® MY Œõ∆ß∆ß :quinUHMYA: :quinUHMYA: GŒõZŒ£ I–ü∆¨”® MY Œõ∆ß∆ß :quinUHMYA: :quinUHMYA: GŒõZŒ£ I–ü∆¨”® MY Œõ∆ß∆ß :quinUHMYA: :quinUHMYA: GŒõZŒ£ I–ü∆¨”® MY Œõ∆ß∆ß :quinUHMYA: :quinUHMYA: GŒõZŒ£ I–ü∆¨”® MY Œõ∆ß∆ß :quinUHMYA:"
clark#7944,532227117283409932,"!blub"
Anavrein#6882,731037375240601671,"!hey"
Argygle#4747,532227117283409932,"!hey"
Argygle#4747,532227117283409932,Guild: 532227117283409930 | Channel: 725730150989168730
clark#7944,532227117283409932,"!chub"
clark#7944,731036518415597578,"this is retarded"

```"
Anavrein#6882,731037375240601671,"IM FINGERING YOUR ASS RIGHT NOW BOT AND YOU CAN'T DO ANYTHING ABOUT IT"
Argygle#4747,731037343552634920,"https://www.twitch.tv/jonahscoot/clip/SolidHorribleJayBrokeBack?filter=clips&range=7d&sort=time"
clark#7944,731036518415597578,"Wowwwww, you meow like a cat! That means you are one, right? Shut the fuck up. If you really want to be put on a leash and treated like a domestic animal then that‚Äôs called a fetish, not ‚Äúquirky‚Äù or ‚Äúcute‚Äù. What part of you seriously thinks that any part of acting like a feline establishes a reputation of appreciation? Is it your lack of any defining aspect of personality that urges you to resort to shitty representations of cats to create an illusion of meaning in your worthless life? Wearing ‚Äúcat ears‚Äù in the shape of headbands further notes the complete absence of human attribution to your false sense of personality, such as intelligence or charisma in any form or shape. Where do you think this mindset‚Äôs gonna lead you? You think you‚Äôre funny, random, quirky even? What makes you think that acting like a fucking cat will make a goddamn hyena laugh? I, personally, feel extremely sympathetic towards you as your only escape from the worthless thing you call your existence is to pretend to be an animal. But it‚Äôs not a worthy choice to assert this horrifying fact as a dominant trait, mainly because personality traits require an initial personality to lay their foundation on. You‚Äôre not worthy of anybody‚Äôs time, so go fuck off, ‚Äúcat-girl‚Äù."
Argygle#4747,532227117283409932,"crub will never abandon me like my dad"
zook#0770,532227117283409932,"!crub"
Argygle#4747,532227117283409932,"even if i lash out and disconnect him"
Argygle#4747,532227117283409932,"he return"
Argygle#4747,532227117283409932,"!crub"
Argygle#4747,532227117283409932,"thanks dad"
clark#7944,731036518415597578,""
Argygle#4747,532227117283409932,"<@!694357833138962442> die"
zook#0770,532227117283409932,"!hey"
zook#0770,532227117283409932,Guild: 532227117283409930 | Channel: 725730150989168730
zook#0770,532227117283409932,"!hey"
zook#0770,532227117283409932,Guild: 532227117283409930 | Channel: 725730150989168730
Starlight#1000,532227117283409932,"!die"
zook#0770,532227117283409932,"<@694357833138962442> is undefeated"
Starlight#1000,532227117283409932,"<@!694357833138962442> i hate u"
Starlight#1000,532227117283409932,"<@!694357833138962442> can u pls kill me because it's 9 am and i haven't slept"
zook#0770,532227117283409932,"<@!82915760522924032> I slept three hours lol"
zook#0770,532227117283409932,"back to work"
zook#0770,532227117283409932,"üòÑ"
Starlight#1000,532227117283409932,"<:dankkek:717878872200183859>"
zook#0770,532227117283409932,"<@!228294860929630208> <@!256261956313284628> https://youtu.be/UUC8qF5iDag"
zook#0770,532227117283409932,"top comment is "Enjoyed this, sucks that Michael Reeves didn't discuss his horrid pursuit for the extinction of turtles and his crack addiction, but that's fine.""
zook#0770,532227117283409932,"<@!195800472865603584> IM BIG BRAINING IT"
zook#0770,532227117283409932,"I fucking get it now"
zook#0770,532227117283409932,"holy shit"
zook#0770,532227117283409932,"discord's underlying API has this concept of "guilds" which is just a fancy word for a server"
zook#0770,532227117283409932,"the data structure that makes up a "guild" ( server )"
Anavrein#6882,532227117283409932,"https://tenor.com/view/brain-blast-thinking-jimmy-neutron-cartoon-gif-11790026"
zook#0770,532227117283409932,"is just a fucking JSON response string converted into a custom datatype"
zook#0770,532227117283409932,"that makes it SOOOOOOOO easy"
zook#0770,532227117283409932,"```go
type Guild struct {
    // The ID of the guild.
    ID  string `json:"id"`

    // The name of the guild. (2‚Äì100 characters)
    Name string `json:"name"`

    // The hash of the guild's icon. Use Session.GuildIcon
    // to retrieve the icon itself.
    Icon string `json:"icon"`

    // The voice region of the guild.
    Region string `json:"region"`

    // The ID of the AFK voice channel.
    AfkChannelID string `json:"afk_channel_id"`

    // The ID of the embed channel ID, used for embed widgets.
    EmbedChannelID string `json:"embed_channel_id"`

    // The user ID of the owner of the guild.
    OwnerID string `json:"owner_id"`

    // The time at which the current user joined the guild.
    // This field is only present in GUILD_CREATE events and websocket
    // update events, and thus is only present in state-cached guilds.
    JoinedAt Timestamp `json:"joined_at"`

...
```

for example"
zook#0770,532227117283409932,"thats what the documentation states"
zook#0770,532227117283409932,"2000char msg limit"
zook#0770,532227117283409932,"but thats HUGE"
zook#0770,532227117283409932,"makes traversing data dank"
Anavrein#6882,532227117283409932,"<:dankKEK:721349306375864350>"
zook#0770,532227117283409932,"<:smartthink:685980567178969088> <:smartthink:685980567178969088> <:smartthink:685980567178969088> <:smartthink:685980567178969088> <:smartthink:685980567178969088> <:smartthink:685980567178969088> <:smartthink:685980567178969088>"
zook#0770,532227117283409932,"There is a lot of garbage code in this project until I clean it up later lmao"
Anavrein#6882,532227117283409932,"<a:dankKEKKERS:731151435064148008>"
Anavrein#6882,532227117283409932,"https://betterttv.com/emotes/5f087893a2ac620530367c64 dankKEKKER is now live"
zook#0770,532227117283409932,"you are a massive gamer"
zook#0770,532227117283409932,"holy shit"
zook#0770,532227117283409932,"<@!195800472865603584> add it to the server"
Anavrein#6882,532227117283409932,"already did"
zook#0770,532227117283409932,"<a:dankKEKKERS:731151435064148008>"
zook#0770,532227117283409932,"Literally cant tell its doing anything lmao"
Anavrein#6882,532227117283409932,"he's just telling a story of how it all got flipped turned upside down"
zook#0770,532227117283409932,"!hey"
zook#0770,532227117283409932,Guild: 532227117283409930 | Channel: 725730150989168730
timeout waiting for voice
clark#7944,731036518415597578,"john doesnt know"
clark#7944,731036518415597578,"who you really are"
clark#7944,731036518415597578,"but i know"
clark#7944,731036518415597578,"i know"
zook#0770,532227117283409932,"!debug"
Rythm#3722,532227117283409932,"Shard `[3366 / 5888]`
Pod `r1-pod-280`
Node `node-8`
Server Region `US East`"
Rythm#3722,532227117283409932,"Shard `[3366 / 5888]`
Pod `r1-pod-280`
Node `node-8`
Server Region `US East`"
zook#0770,532227117283409932,"!debug"
Anavrein#6882,532227117283409932,"!debug"
Rythm#3722,532227117283409932,"Shard `[3366 / 5888]`
Pod `r1-pod-280`
Node `node-8`
Server Region `US East`"
Kria#5690,532227117283409932,""
zook#0770,532227117283409932,"!debug"
Rythm#3722,532227117283409932,"Shard `[3366 / 5888]`
Pod `r1-pod-280`
Node `node-8`
Server Region `US East`"
Anavrein#6882,532227117283409932,"!chub eat my ass"
Anavrein#6882,532227117283409932,"!crub eat my ass"
Anavrein#6882,532227117283409932,"fine you bitch"
clark#7944,532227117283409932,"!hey"
clark#7944,532227117283409932,Guild: 532227117283409930 | Channel: 725730150989168730
zook#0770,532227117283409932,"!hey"
zook#0770,532227117283409932,Guild: 532227117283409930 | Channel: 725730150989168730
timeout waiting for voice
zook#0770,532227117283409932,"!hey"
zook#0770,532227117283409932,Guild: 532227117283409930 | Channel: 725730150989168730
zook#0770,532227117283409932,"!debug"
Rythm#3722,532227117283409932,"Shard `[3366 / 5888]`
Pod `r1-pod-280`
Node `node-8`
Server Region `US East`"
zook#0770,532227117283409932,"!hey"
zook#0770,532227117283409932,Guild: 532227117283409930 | Channel: 725730150989168730
Anavrein#6882,532227117283409932,"!hey"
Anavrein#6882,532227117283409932,Guild: 532227117283409930 | Channel: 725730150989168730
clark#7944,532227117283409932,"!hey"
clark#7944,532227117283409932,Guild: 532227117283409930 | Channel: 725730150989168730
zook#0770,532227117283409932,"!hey"
zook#0770,532227117283409932,Guild: 532227117283409930 | Channel: 725730150989168730
Jungus#0272,532227117283409932,"<@195800472865603584>"
Anavrein#6882,532227117283409932,"hell yeah"
Jungus#0272,532227117283409932,""
Jungus#0272,532227117283409932,""
zook#0770,532227117283409932,"<@!121099292084535296> <@!256261956313284628> <@!228294860929630208> <@!148307381854535690> https://clips.twitch.tv/GloriousCheerfulShieldTBTacoLeft"
zook#0770,532227117283409932,"https://clips.twitch.tv/WiseAbstruseDugongAsianGlow"
Argygle#4747,532227117283409932,"So it looks like"
Argygle#4747,532227117283409932,"Legendary powers are going to be acquired similar to essences"
Argygle#4747,532227117283409932,"But you won't have to grind extra ranks so I'm curious what the unlock reqs are in those cases"
zook#0770,532227117283409932,"dude xQc and chat are at war today and its AMAZING"
zook#0770,532227117283409932,"https://clips.twitch.tv/BreakableYawningReubenBIRB"
zook#0770,687816905696083969,"!hey"
zook#0770,687816905696083969,Guild: 145908528731652096 | Channel: 725730150989168730
zook#0770,687816905696083969,"<@!383700680336080896>  https://discordapp.com/channels/532227117283409930/532227117283409932/731289750534750330"
zook#0770,687816905696083969,"https://clips.twitch.tv/GloriousCheerfulShieldTBTacoLeft"
zook#0770,687816905696083969,"https://clips.twitch.tv/WiseAbstruseDugongAsianGlow"
zook#0770,687816905696083969,"https://clips.twitch.tv/BreakableYawningReubenBIRB"
zook#0770,687816905696083969,"https://clips.twitch.tv/ClumsyTenaciousDotterelWutFace"
Aoikun#9998,687816905696083969,"<@!208059872791494656> Ranked?"
zook#0770,687816905696083969,"<@!138056737474347008> yeah a few"
Aoikun#9998,687816905696083969,"cool"
kiruna#8354,687816905696083969,"üòÑ"
zook#0770,532227117283409932,"!hey"
zook#0770,532227117283409932,Guild: 532227117283409930 | Channel: 725730150989168730
Wowhead Retail News#0000,597598472509718530,""
Starlight#1000,532227117283409932,"h-hey...uwu"
Justin#0279,532227117283409932,"my BDK wearing severe and no good corruption can chest 19 KR"
Justin#0279,532227117283409932,"and people in gally deplete 15 sales"
Justin#0279,532227117283409932,"<:OmegaLUL:443810263297425408>"
zook#0770,532227117283409932,"validation <:PepeHappy:557015159483138078>"
zook#0770,532227117283409932,"4 real tho thats pretty sick"
zook#0770,532227117283409932,"lemme know if you wanna do 2s, im close to 1700!"
Justin#0279,532227117283409932,"yea i can"
Justin#0279,532227117283409932,"idk how long im keying for"
Justin#0279,532227117283409932,"i wish i had corruption honestly"
Justin#0279,532227117283409932,"kekw"
zook#0770,532227117283409932,"you do you"
zook#0770,532227117283409932,"im working on this fucknut of a bot <:OMEGALUL:676098725902286858>"
zook#0770,594316653076938774,"!hey"
zook#0770,594316653076938774,Guild: 532227117283409930 | Channel: 725730150989168730
Justin#0279,532227117283409932,"https://gyazo.com/ad28bb1837b68e7f8f629cfe9891be03"
Justin#0279,532227117283409932,"no hod either"
Justin#0279,532227117283409932,"wearing"
Justin#0279,532227117283409932,"INSIGNIA"
zook#0770,594316653076938774,"!hey"
zook#0770,594316653076938774,Guild: 532227117283409930 | Channel: 725730150989168730
zook#0770,594316653076938774,"!bye"
zook#0770,594316653076938774,"!hey"
zook#0770,594316653076938774,Guild: 532227117283409930 | Channel: 725730150989168730
zook#0770,594316653076938774,"!bye"
zook#0770,594316653076938774,"!hey"
zook#0770,594316653076938774,Guild: 532227117283409930 | Channel: 725730150989168730
zook#0770,594316653076938774,"!bye"
zook#0770,594316653076938774,"!bye"
zook#0770,594316653076938774,"!hey"
zook#0770,594316653076938774,Guild: 532227117283409930 | Channel: 725730150989168730
zook#0770,594316653076938774,"!bye"
zook#0770,594316653076938774,"!hey"
zook#0770,594316653076938774,Guild: 532227117283409930 | Channel: 725730150989168730
zook#0770,594316653076938774,"!bye"
zook#0770,594316653076938774,"!hey"
zook#0770,594316653076938774,Guild: 532227117283409930 | Channel: 725730150989168730
zook#0770,594316653076938774,"!bye"
timeout waiting for voice
zook#0770,594316653076938774,"!hey"
zook#0770,594316653076938774,Guild: 532227117283409930 | Channel: 725730150989168730
zook#0770,594316653076938774,"!bye"
zook#0770,594316653076938774,"!hi"
zook#0770,594316653076938774,Guild: 532227117283409930 | Channel: 725730150989168730
Starlight#1000,532227117283409932,"https://clips.twitch.tv/TastyAcceptablePlumagePermaSmug"
Starlight#1000,532227117283409932,"i did it"
zook#0770,731372409902333983,"!hey"
state cache not found
zook#0770,731372409902333983,"!debug"
zook#0770,594316653076938774,"!debug"
Rythm#3722,594316653076938774,"Shard `[3366 / 5888]`
Pod `r1-pod-280`
Node `node-8`
Server Region `US East`"
zook#0770,594316653076938774,"!hi"
zook#0770,594316653076938774,Guild: 532227117283409930 | Channel: 725730150989168730
zook#0770,594316653076938774,"!bye"
zook#0770,594316653076938774,"!hey"
zook#0770,594316653076938774,Guild: 532227117283409930 | Channel: 725730150989168730
zook#0770,594316653076938774,"!hey"
zook#0770,594316653076938774,Guild: 532227117283409930 | Channel: 725730150989168730
zook#0770,594316653076938774,"!hi"
zook#0770,594316653076938774,Guild: 532227117283409930 | Channel: 725730150989168730
zook#0770,594316653076938774,"!hi"
zook#0770,594316653076938774,Guild: 532227117283409930 | Channel: 725730150989168730
open crubb.dca: no such file or directory
open crubb.dca: no such file or directory
zook#0770,594316653076938774,"!hey"
zook#0770,594316653076938774,Guild: 532227117283409930 | Channel: 725730150989168730
timeout waiting for voice
zook#0770,594316653076938774,"!hi"
zook#0770,594316653076938774,Guild: 532227117283409930 | Channel: 725730150989168730
open ./audio_files/crubb.dca: no such file or directory
open ./audio_files/crubb.dca: no such file or directory
zook#0770,594316653076938774,"!hi"
zook#0770,594316653076938774,Guild: 532227117283409930 | Channel: 725730150989168730
open ./audio files/crubb.dca: no such file or directory
open ./audio files/crubb.dca: no such file or directory
zook#0770,594316653076938774,"!hi"
zook#0770,594316653076938774,Guild: 532227117283409930 | Channel: 725730150989168730
unexpected EOF
zook#0770,594316653076938774,"!hey"
zook#0770,594316653076938774,Guild: 532227117283409930 | Channel: 725730150989168730
zook#0770,594316653076938774,"!bye"
zook#0770,594316653076938774,"!hi"
zook#0770,594316653076938774,Guild: 532227117283409930 | Channel: 725730150989168730
timeout waiting for voice
unexpected EOF
zook#0770,594316653076938774,"!hi"
zook#0770,594316653076938774,Guild: 532227117283409930 | Channel: 725730150989168730
zook#0770,594316653076938774,"!bye"
zook#0770,594316653076938774,"!hi"
zook#0770,594316653076938774,Guild: 532227117283409930 | Channel: 725730150989168730
timeout waiting for voice
zook#0770,594316653076938774,"!bye"
timeout waiting for voice
zook#0770,594316653076938774,"!hey"
zook#0770,594316653076938774,Guild: 532227117283409930 | Channel: 725730150989168730
unexpected EOF
zook#0770,594316653076938774,"!hi"
zook#0770,594316653076938774,Guild: 532227117283409930 | Channel: 725730150989168730
unexpected EOF
zook#0770,594316653076938774,"!hey"
zook#0770,594316653076938774,Guild: 532227117283409930 | Channel: 725730150989168730
unexpected EOF
zook#0770,594316653076938774,"hey"
zook#0770,594316653076938774,"!hey"
zook#0770,594316653076938774,Guild: 532227117283409930 | Channel: 725730150989168730
Error reading from dca file (2): unexpected EOF
zook#0770,594316653076938774,"!hey"
zook#0770,594316653076938774,Guild: 532227117283409930 | Channel: 725730150989168730
zook#0770,594316653076938774,"!bye"
zook#0770,594316653076938774,"!hi"
zook#0770,594316653076938774,Guild: 532227117283409930 | Channel: 725730150989168730
zook#0770,594316653076938774,"!bye"
timeout waiting for voice
zook#0770,594316653076938774,"!hi"
zook#0770,594316653076938774,Guild: 532227117283409930 | Channel: 725730150989168730
zook#0770,594316653076938774,"!bye"
timeout waiting for voice
zook#0770,594316653076938774,"!hi"
zook#0770,594316653076938774,Guild: 532227117283409930 | Channel: 725730150989168730
zook#0770,594316653076938774,"!bye"
zook#0770,594316653076938774,"!hi"
zook#0770,594316653076938774,Guild: 532227117283409930 | Channel: 725730150989168730
timeout waiting for voice
zook#0770,594316653076938774,"!bye"
zook#0770,594316653076938774,"!hey"
zook#0770,594316653076938774,Guild: 532227117283409930 | Channel: 725730150989168730
zook#0770,594316653076938774,"!hey"
zook#0770,594316653076938774,Guild: 532227117283409930 | Channel: 725730150989168730
zook#0770,594316653076938774,"!bye"
timeout waiting for voice
zook#0770,594316653076938774,"!hi"
zook#0770,594316653076938774,Guild: 532227117283409930 | Channel: 725730150989168730
zook#0770,594316653076938774,"!bye"
zook#0770,594316653076938774,"!hey"
zook#0770,594316653076938774,Guild: 532227117283409930 | Channel: 725730150989168730
zook#0770,594316653076938774,"!bye xQcL"
Justin#0279,532227117283409932,"!hey"
Justin#0279,532227117283409932,Guild: 532227117283409930 | Channel: 725730150989168730
Justin#0279,532227117283409932,"!bye xqcl"
Justin#0279,532227117283409932,"zach"
Justin#0279,532227117283409932,"is"
Justin#0279,532227117283409932,"my"
Justin#0279,532227117283409932,"least"
Justin#0279,532227117283409932,"favorite person in the server now"
Justin#0279,532227117283409932,"im getting out my twitlong"
zook#0770,532227117283409932,"nein"
zook#0770,532227117283409932,"‚ù§Ô∏è"
zook#0770,594316653076938774,"!help"
Rythm#3722,594316653076938774,""
zook#0770,594316653076938774,"!hey"
zook#0770,594316653076938774,Guild: 532227117283409930 | Channel: 725730150989168730
zook#0770,594316653076938774,"!bye XqCL"
zook#0770,594316653076938774,"!hey"
zook#0770,594316653076938774,Guild: 532227117283409930 | Channel: 725730150989168730
Wowhead Retail News#0000,597598472509718530,""
Argygle#4747,532227117283409932,"<@82915760522924032> this is so adorable it makes me want to cry"
Kria#5690,594316653076938774,"!bye"
Kria#5690,594316653076938774,"!hey"
Kria#5690,594316653076938774,Guild: 532227117283409930 | Channel: 725730150989168730
Kria#5690,594316653076938774,"!bye xqcl"
Argygle#4747,532227117283409932,"<@195800472865603584>"
Anavrein#6882,532227117283409932,"FUCK YEAH SLAP MY EGGPLANT"
zook#0770,594316653076938774,"!hey"
zook#0770,594316653076938774,Guild: 532227117283409930 | Channel: 725730150989168730
zook#0770,594316653076938774,"!bye xQcl"
zook#0770,532227117283409932,"<@!195800472865603584> crub does the thing mwuhahahaha"
kiruna#8354,687816905696083969,"give me a sec"
kiruna#8354,687816905696083969,"talking to husband"
zook#0770,687816905696083969,"kk"
kiruna#8354,687816905696083969,"I was having fun"
zook#0770,687816905696083969,"<@!138056737474347008> come back"
kiruna#8354,687816905696083969,"<@!138056737474347008>  get you butt back here"
zook#0770,687816905696083969,"Im really proud"
kiruna#8354,687816905696083969,"Do not make me get V"
kiruna#8354,687816905696083969,"And Nolan"
kiruna#8354,687816905696083969,"They will tag team you"
kiruna#8354,687816905696083969,"<@!138056737474347008>"
kiruna#8354,687816905696083969,"<@!138056737474347008>"
kiruna#8354,687816905696083969,"<@!138056737474347008>"
kiruna#8354,687816905696083969,"<@!138056737474347008>"
kiruna#8354,687816905696083969,"<@!138056737474347008>"
kiruna#8354,687816905696083969,"<@!138056737474347008>"
kiruna#8354,687816905696083969,"<@!138056737474347008>"
kiruna#8354,687816905696083969,"<@!138056737474347008>"
kiruna#8354,687816905696083969,"<@!138056737474347008>"
kiruna#8354,687816905696083969,"<@!138056737474347008>"
kiruna#8354,687816905696083969,"<@!138056737474347008>"
kiruna#8354,687816905696083969,"<@!138056737474347008>"
kiruna#8354,687816905696083969,"<@!138056737474347008>"
zook#0770,687816905696083969,"!hey"
zook#0770,687816905696083969,Guild: 145908528731652096 | Channel: 725730150989168730
zook#0770,687816905696083969,"!bye"
zook#0770,687816905696083969,"!hey"
zook#0770,687816905696083969,Guild: 145908528731652096 | Channel: 725730150989168730
zook#0770,687816905696083969,"!bye"
zook#0770,687816905696083969,"!hi"
zook#0770,687816905696083969,Guild: 145908528731652096 | Channel: 725730150989168730
zook#0770,687816905696083969,"!bye xqlc"
zook#0770,687816905696083969,"!hey"
zook#0770,687816905696083969,Guild: 145908528731652096 | Channel: 725730150989168730
zook#0770,687816905696083969,"!bye xqcl"
zook#0770,687816905696083969,"!hey"
zook#0770,687816905696083969,Guild: 145908528731652096 | Channel: 725730150989168730
zook#0770,687816905696083969,"!bye"
zook#0770,687816905696083969,"<@!183379379760398337> crubb is going offline for a bit"
zook#0770,687816905696083969,"hes running off my laptop atm"
kiruna#8354,687816905696083969,"okay dokie"
kiruna#8354,687816905696083969,"I shall miss his song"
zook#0770,594316653076938774,"!hi"
zook#0770,594316653076938774,Guild: 532227117283409930 | Channel: 725730150989168730
timeout waiting for voice
zook#0770,594316653076938774,"!bye"
zook#0770,594316653076938774,"!hi"
zook#0770,594316653076938774,Guild: 532227117283409930 | Channel: 725730150989168730
zook#0770,594316653076938774,"!hey"
zook#0770,594316653076938774,Guild: 532227117283409930 | Channel: 725730150989168730
zook#0770,594316653076938774,"!bye xqcl"
zook#0770,594316653076938774,"!hey"
zook#0770,594316653076938774,Guild: 532227117283409930 | Channel: 725730150989168730
zook#0770,594316653076938774,"!debug"
Rythm#3722,594316653076938774,"Shard `[3366 / 5888]`
Pod `r1-pod-280`
Node `node-8`
Server Region `US East`"
zook#0770,594316653076938774,"!bye"
zook#0770,594316653076938774,"!debug"
Rythm#3722,594316653076938774,"Shard `[3366 / 5888]`
Pod `r1-pod-280`
Node `node-8`
Server Region `US East`"
zook#0770,594316653076938774,"!hi"
zook#0770,594316653076938774,Guild: 532227117283409930 | Channel: 725730150989168730
zook#0770,594316653076938774,"!debug"
Rythm#3722,594316653076938774,"Shard `[3366 / 5888]`
Pod `r1-pod-280`
Node `node-8`
Server Region `US East`"
zook#0770,594316653076938774,"!bye xqcl"
zook#0770,532227117283409932,"<@!163780374672048128> had a server for ark for a while"
zook#0770,532227117283409932,"was fun"
Justin#0279,532227117283409932,"i enjoy the game"
Justin#0279,532227117283409932,"and some guildies and i are gonna play"
zook#0770,687816905696083969,"<@!183379379760398337> show him"
zook#0770,687816905696083969,"show him the power"
zook#0770,687816905696083969,"!hey"
zook#0770,687816905696083969,Guild: 145908528731652096 | Channel: 725730150989168730
zook#0770,687816905696083969,"!bye"
timeout waiting for voice
zook#0770,687816905696083969,"!hi"
zook#0770,687816905696083969,Guild: 145908528731652096 | Channel: 725730150989168730
zook#0770,687816905696083969,"!bye"
zook#0770,687816905696083969,"!hi"
zook#0770,687816905696083969,Guild: 145908528731652096 | Channel: 725730150989168730
zook#0770,687816905696083969,"!bye xqcl"
zook#0770,594316653076938774,"!hey"
zook#0770,594316653076938774,Guild: 532227117283409930 | Channel: 725730150989168730
zook#0770,594316653076938774,"!bye"
zook#0770,594316653076938774,"!hey"
zook#0770,594316653076938774,Guild: 532227117283409930 | Channel: 725730150989168730
zook#0770,532227117283409932,"!bye xqcl"
zook#0770,532227117283409932,"!bye"
clark#7944,532227117283409932,"!hey"
clark#7944,532227117283409932,Guild: 532227117283409930 | Channel: 725730150989168730
zook#0770,532227117283409932,"!bye xqcl"
xStoltie#9053,532227117283409932,"Yeah Clark just tolerate it <:FeelsChromosomeMan:337289047942627339>"
Justin#0279,532227117283409932,"!hey"
zook#0770,532227117283409932,"!hey"
zook#0770,532227117283409932,Guild: 532227117283409930 | Channel: 725730150989168730
clark#7944,594316653076938774,"!bye xqcl"
zook#0770,532227117283409932,"!hi"
zook#0770,532227117283409932,Guild: 532227117283409930 | Channel: 725730150989168730
clark#7944,594316653076938774,"!bye"
clark#7944,594316653076938774,"!hey"
clark#7944,594316653076938774,Guild: 532227117283409930 | Channel: 725730150989168730
timeout waiting for voice
clark#7944,594316653076938774,"!bye"
clark#7944,594316653076938774,"!hey"
clark#7944,594316653076938774,Guild: 532227117283409930 | Channel: 725730150989168730
clark#7944,594316653076938774,"!play all these things that ive done"
Rythm#3722,594316653076938774,"üëç **Joined** `'that's not funny'` :page_facing_up: **And bound to** `bot-stuff`"
Rythm#3722,594316653076938774,"<:youtube:335112740957978625> **Searching** üîé `all these things that ive done`"
Rythm#3722,594316653076938774,"**Playing** üé∂ `The Killers - All These Things That I've Done (Official Music Video)` - Now!"
clark#7944,594316653076938774,"!play midnight show killers"
Rythm#3722,594316653076938774,"<:youtube:335112740957978625> **Searching** üîé `midnight show killers`"
Rythm#3722,594316653076938774,""
Kria#5690,532227117283409932,""
zook#0770,532227117283409932,"!bye xqcl"
steve my dood#4173,532227117283409932,"Sleep schedule now flipped im an early morning gamer again. But i just woke up! TOMORROW IM A MOTHER FLIPPING GD EMPLOYEE"
Wowhead Retail News#0000,597598472509718530,""
Justin#0279,532227117283409932,"<@!228294860929630208> frost dk discord is theory crafting"
Justin#0279,532227117283409932,"Apparently a priest covenant can give resources"
Justin#0279,532227117283409932,"And the meta might be"
Justin#0279,532227117283409932,"Run breath"
Justin#0279,532227117283409932,"And get a simp priest"
Justin#0279,532227117283409932,"Because priest alone can give you 12 damage ticks of sindy for free"
Justin#0279,532227117283409932,"It would be like 450-600k dps increase if it was available right now"
Justin#0279,532227117283409932,"That‚Äôs how strong it is"
Justin#0279,532227117283409932,"LOL"
Argygle#4747,532227117283409932,"I'm aware"
Justin#0279,532227117283409932,"Disgusting"
Argygle#4747,532227117283409932,"Disc priest broken in shadowlands"
Justin#0279,532227117283409932,"If that‚Äôs actually a build"
Justin#0279,532227117283409932,"Frost might be raid meta"
Argygle#4747,532227117283409932,"You would need to find a priest willing to simp for you"
Justin#0279,532227117283409932,"Like stack frost dk"
Justin#0279,532227117283409932,"And priest"
Justin#0279,532227117283409932,"100% sindy up time"
Justin#0279,532227117283409932,"üî©"
Argygle#4747,532227117283409932,"I think in execute phase arms would outdmg breath atm with that setup"
Argygle#4747,532227117283409932,"Don't know how it will be next xpac"
Justin#0279,532227117283409932,"Probably"
Justin#0279,532227117283409932,"Rn it probably would"
Justin#0279,532227117283409932,"But it‚Äôs looking like you stack priest anyways"
Argygle#4747,532227117283409932,"But if they can execute at >80 and <20 in sl I feel like it might be better to stack arms"
Argygle#4747,532227117283409932,"Oh absolutely"
Justin#0279,532227117283409932,"Shadowlands actually gets more exciting every day"
Justin#0279,532227117283409932,"And I‚Äôm just waiting for the crash"
Justin#0279,532227117283409932,"Also"
Justin#0279,532227117283409932,"I made an ark server if anyone might be interested"
Argygle#4747,532227117283409932,"For what it's worth though I don't remember specifics of the covenant but if disc priest is what's being stacked"
Argygle#4747,532227117283409932,"It can only simp 1 person during rapture"
Argygle#4747,532227117283409932,"So that would require at least 6 frost did and 4-5 disc priests to do it properly without sacrificing a major cd"
Argygle#4747,532227117283409932,"Dks* autocorrect"
Justin#0279,532227117283409932,"Fair"
Justin#0279,532227117283409932,"It‚Äôll be interesting"
Justin#0279,532227117283409932,"If that makes it to live"
Argygle#4747,532227117283409932,"Also as awful of a state as it's in shadow might even be better for it lol"
Justin#0279,532227117283409932,"True"
Justin#0279,532227117283409932,"Man feels bad"
Justin#0279,532227117283409932,"Imagine if shadow is just a simp"
Argygle#4747,532227117283409932,"Would suck"
Argygle#4747,532227117283409932,"Also shadow priests can simp <:dankKEK:721349306375864350>"
Anavrein#6882,532227117283409932,"<a:dankKEKKER:731151435064148008>"
clark#7944,594316653076938774,"!hey"
clark#7944,594316653076938774,Guild: 532227117283409930 | Channel: 725730150989168730
clark#7944,731036518415597578,"7777777777777"
clark#7944,731036518415597578,"üïñ"
clark#7944,532227117283409932,"<:dankKEK:721349306375864350>"
Kria#5690,532227117283409932,"<@121099292084535296> <@138413059742892032> <@!228294860929630208> I‚Äôll be home in an hour 15"
zook#0770,594316653076938774,"!hey"
zook#0770,594316653076938774,Guild: 532227117283409930 | Channel: 725730150989168730
zook#0770,594316653076938774,"!bye"
zook#0770,594316653076938774,"!hey"
zook#0770,594316653076938774,Guild: 532227117283409930 | Channel: 725730150989168730
zook#0770,594316653076938774,"!bye xqcl"
zook#0770,594316653076938774,"!hi"
zook#0770,594316653076938774,Guild: 532227117283409930 | Channel: 725730150989168730
zook#0770,594316653076938774,"!bye"
timeout waiting for voice
Jungus#0272,594316653076938774,"!hey"
Jungus#0272,594316653076938774,Guild: 532227117283409930 | Channel: 725730150989168730
Wowhead Retail News#0000,597598472509718530,""
Aoikun#9998,687816905696083969,"<@208059872791494656> fakdiscord added a speaker option for discord"
Aoikun#9998,687816905696083969,"It is why I could not hear you yesterday"
zook#0770,687816905696083969,"?"
Argygle#4747,594316653076938774,"!bye"
zook#0770,654159314918965248,"!hey"
zook#0770,654159314918965248,Guild: 532227117283409930 | Channel: 725730150989168730
zook#0770,594316653076938774,"!bye xqcl"
zook#0770,594316653076938774,"!bye"
zook#0770,594316653076938774,"!hey"
zook#0770,594316653076938774,Guild: 532227117283409930 | Channel: 725730150989168730
zook#0770,594316653076938774,"!bye"
timeout waiting for voice
zook#0770,594316653076938774,"!hey"
zook#0770,594316653076938774,Guild: 532227117283409930 | Channel: 725730150989168730
zook#0770,594316653076938774,"!hey"
zook#0770,594316653076938774,Guild: 532227117283409930 | Channel: 725730150989168730
zook#0770,532227117283409932,"https://pbs.twimg.com/media/EcuZVSTWoAA0REt?format=jpg&name=360x360"
yate#7944,594316653076938774,"!bye xqcl"
Argygle#4747,532227117283409932,""
yate#7944,594316653076938774,"!hey"
yate#7944,594316653076938774,Guild: 532227117283409930 | Channel: 725730150989168730
Jungus#0272,594316653076938774,"!BYE"
Jungus#0272,594316653076938774,"!bye"
yate#7944,594316653076938774,"!hey"
yate#7944,594316653076938774,Guild: 532227117283409930 | Channel: 725730150989168730
Kria#5690,594316653076938774,"!bye"
Kria#5690,594316653076938774,"!hey"
Kria#5690,594316653076938774,Guild: 532227117283409930 | Channel: 725730150989168730
Adaso#7272,597598472509718530,""
Wowhead Retail News#0000,597598472509718530,""
zook#0770,654159314918965248,"!bye xqcl"
zook#0770,532227117283409932,"!hi"
zook#0770,532227117283409932,Guild: 532227117283409930 | Channel: 725730150989168730
yate#7944,594316653076938774,"!hey"
yate#7944,594316653076938774,Guild: 532227117283409930 | Channel: 725730150989168730
yate#7944,594316653076938774,"!hey"
yate#7944,594316653076938774,Guild: 532227117283409930 | Channel: 725730150989168730
yate#7944,594316653076938774,"!hey"
yate#7944,594316653076938774,Guild: 532227117283409930 | Channel: 725730150989168730
yate#7944,594316653076938774,"!hey"
yate#7944,594316653076938774,Guild: 532227117283409930 | Channel: 725730150989168730
yate#7944,594316653076938774,"!hey"
yate#7944,594316653076938774,Guild: 532227117283409930 | Channel: 725730150989168730
yate#7944,594316653076938774,"!hey"
yate#7944,594316653076938774,Guild: 532227117283409930 | Channel: 725730150989168730
yate#7944,594316653076938774,"!hey"
yate#7944,594316653076938774,Guild: 532227117283409930 | Channel: 725730150989168730
yate#7944,594316653076938774,"!hey"
yate#7944,594316653076938774,Guild: 532227117283409930 | Channel: 725730150989168730
yate#7944,594316653076938774,"!hey"
yate#7944,594316653076938774,Guild: 532227117283409930 | Channel: 725730150989168730
yate#7944,594316653076938774,"!hey"
yate#7944,594316653076938774,Guild: 532227117283409930 | Channel: 725730150989168730
yate#7944,594316653076938774,"!hey"
yate#7944,594316653076938774,Guild: 532227117283409930 | Channel: 725730150989168730
Argygle#4747,594316653076938774,"!bye"
yate#7944,594316653076938774,"!hey"
yate#7944,594316653076938774,Guild: 532227117283409930 | Channel: 725730150989168730
yate#7944,594316653076938774,"!hey"
yate#7944,594316653076938774,Guild: 532227117283409930 | Channel: 725730150989168730
yate#7944,594316653076938774,"!hey"
yate#7944,594316653076938774,Guild: 532227117283409930 | Channel: 725730150989168730
yate#7944,594316653076938774,"!hey"
yate#7944,594316653076938774,Guild: 532227117283409930 | Channel: 725730150989168730
yate#7944,594316653076938774,"!hey"
yate#7944,594316653076938774,Guild: 532227117283409930 | Channel: 725730150989168730
yate#7944,594316653076938774,"!hey"
yate#7944,594316653076938774,Guild: 532227117283409930 | Channel: 725730150989168730
yate#7944,594316653076938774,"!hey"
yate#7944,594316653076938774,Guild: 532227117283409930 | Channel: 725730150989168730
yate#7944,594316653076938774,"!hey"
yate#7944,594316653076938774,Guild: 532227117283409930 | Channel: 725730150989168730
yate#7944,594316653076938774,"!hey"
yate#7944,594316653076938774,Guild: 532227117283409930 | Channel: 725730150989168730
yate#7944,594316653076938774,"!hey!hey"
yate#7944,594316653076938774,Guild: 532227117283409930 | Channel: 725730150989168730
zook#0770,594316653076938774,"!hey"
zook#0770,594316653076938774,Guild: 532227117283409930 | Channel: 725730150989168730
yate#7944,594316653076938774,"!hey"
yate#7944,594316653076938774,Guild: 532227117283409930 | Channel: 725730150989168730
yate#7944,594316653076938774,"!hey"
yate#7944,594316653076938774,Guild: 532227117283409930 | Channel: 725730150989168730
yate#7944,594316653076938774,"!hey"
yate#7944,594316653076938774,Guild: 532227117283409930 | Channel: 725730150989168730
yate#7944,594316653076938774,"!hey"
yate#7944,594316653076938774,Guild: 532227117283409930 | Channel: 725730150989168730
yate#7944,594316653076938774,"!hey"
yate#7944,594316653076938774,Guild: 532227117283409930 | Channel: 725730150989168730
yate#7944,594316653076938774,"!hey"
yate#7944,594316653076938774,Guild: 532227117283409930 | Channel: 725730150989168730
yate#7944,594316653076938774,"!hey"
yate#7944,594316653076938774,Guild: 532227117283409930 | Channel: 725730150989168730
yate#7944,594316653076938774,"!hey"
yate#7944,594316653076938774,Guild: 532227117283409930 | Channel: 725730150989168730
yate#7944,594316653076938774,"!hey"
yate#7944,594316653076938774,Guild: 532227117283409930 | Channel: 725730150989168730
yate#7944,594316653076938774,"!hey"
yate#7944,594316653076938774,Guild: 532227117283409930 | Channel: 725730150989168730
yate#7944,594316653076938774,"!hey"
yate#7944,594316653076938774,Guild: 532227117283409930 | Channel: 725730150989168730
yate#7944,594316653076938774,"!hey"
yate#7944,594316653076938774,Guild: 532227117283409930 | Channel: 725730150989168730
yate#7944,594316653076938774,"!hey"
yate#7944,594316653076938774,Guild: 532227117283409930 | Channel: 725730150989168730
yate#7944,594316653076938774,"!hey"
yate#7944,594316653076938774,Guild: 532227117283409930 | Channel: 725730150989168730
yate#7944,594316653076938774,"!hey"
yate#7944,594316653076938774,Guild: 532227117283409930 | Channel: 725730150989168730
yate#7944,594316653076938774,"!hey"
yate#7944,594316653076938774,Guild: 532227117283409930 | Channel: 725730150989168730
yate#7944,594316653076938774,"!hey"
yate#7944,594316653076938774,Guild: 532227117283409930 | Channel: 725730150989168730
yate#7944,594316653076938774,"!hey"
yate#7944,594316653076938774,Guild: 532227117283409930 | Channel: 725730150989168730
yate#7944,594316653076938774,"!hey"
yate#7944,594316653076938774,Guild: 532227117283409930 | Channel: 725730150989168730
yate#7944,594316653076938774,"!hey"
yate#7944,594316653076938774,Guild: 532227117283409930 | Channel: 725730150989168730
yate#7944,594316653076938774,"!hey"
yate#7944,594316653076938774,Guild: 532227117283409930 | Channel: 725730150989168730
yate#7944,594316653076938774,"!hey"
yate#7944,594316653076938774,"!hey"
yate#7944,594316653076938774,Guild: 532227117283409930 | Channel: 725730150989168730
yate#7944,594316653076938774,Guild: 532227117283409930 | Channel: 725730150989168730
yate#7944,594316653076938774,"!hey"
yate#7944,594316653076938774,Guild: 532227117283409930 | Channel: 725730150989168730
yate#7944,594316653076938774,"!hey"
yate#7944,594316653076938774,Guild: 532227117283409930 | Channel: 725730150989168730
yate#7944,594316653076938774,"!hey"
yate#7944,594316653076938774,Guild: 532227117283409930 | Channel: 725730150989168730
zook#0770,613143411830292480,"<@&672844097093894162> 

Server is back up, fresh. Max players is 20 for now while I setup but it can support around 50.

**Address:** `zsny.dev:25565`

no pasword for now. Feel free to invite people. Check back for password later"
zook#0770,613143411830292480,"Goal is as close to vanilla as possible with some discord connectivity and some performance mods"
fatboygenius#1106,613143411830292480,"ill join when my processor gets in"
yate#7944,594316653076938774,"!hey"
yate#7944,594316653076938774,Guild: 532227117283409930 | Channel: 725730150989168730
yate#7944,594316653076938774,"!hey"
yate#7944,594316653076938774,Guild: 532227117283409930 | Channel: 725730150989168730
yate#7944,594316653076938774,"!hey"
yate#7944,594316653076938774,Guild: 532227117283409930 | Channel: 725730150989168730
yate#7944,594316653076938774,"!hey"
yate#7944,594316653076938774,Guild: 532227117283409930 | Channel: 725730150989168730
yate#7944,594316653076938774,"!hey"
yate#7944,594316653076938774,Guild: 532227117283409930 | Channel: 725730150989168730
yate#7944,532227117283409932,"https://www.massresort.com/"
Argygle#4747,594316653076938774,"!play annoyed grunt"
Rythm#3722,594316653076938774,"üëç **Joined** `Rhythm` :page_facing_up: **And bound to** `bot-stuff`"
Rythm#3722,594316653076938774,"<:youtube:335112740957978625> **Searching** üîé `annoyed grunt`"
Rythm#3722,594316653076938774,"**Playing** üé∂ `Neil Cicierega - Annoyed Grunt` - Now!"
zook#0770,613143411830292480,"<@!177232078495023104> whens that coming in?"
yate#7944,594316653076938774,"!hey"
yate#7944,594316653076938774,Guild: 532227117283409930 | Channel: 725730150989168730
yate#7944,594316653076938774,"!hey"
yate#7944,594316653076938774,Guild: 532227117283409930 | Channel: 725730150989168730
yate#7944,594316653076938774,"!hey"
yate#7944,594316653076938774,Guild: 532227117283409930 | Channel: 725730150989168730
yate#7944,594316653076938774,"!hey"
yate#7944,594316653076938774,Guild: 532227117283409930 | Channel: 725730150989168730
yate#7944,594316653076938774,"!hey"
yate#7944,594316653076938774,Guild: 532227117283409930 | Channel: 725730150989168730
Argygle#4747,532227117283409932,""
yate#7944,594316653076938774,"!hey"
yate#7944,594316653076938774,Guild: 532227117283409930 | Channel: 725730150989168730
yate#7944,594316653076938774,"!hey"
yate#7944,594316653076938774,Guild: 532227117283409930 | Channel: 725730150989168730
yate#7944,594316653076938774,"!hey"
yate#7944,594316653076938774,Guild: 532227117283409930 | Channel: 725730150989168730
yate#7944,594316653076938774,"!hey"
yate#7944,594316653076938774,Guild: 532227117283409930 | Channel: 725730150989168730
yate#7944,594316653076938774,"!hey"
yate#7944,594316653076938774,Guild: 532227117283409930 | Channel: 725730150989168730
yate#7944,594316653076938774,"!hey"
yate#7944,594316653076938774,Guild: 532227117283409930 | Channel: 725730150989168730
yate#7944,594316653076938774,"!hey"
yate#7944,594316653076938774,Guild: 532227117283409930 | Channel: 725730150989168730
yate#7944,594316653076938774,"!hey"
yate#7944,594316653076938774,Guild: 532227117283409930 | Channel: 725730150989168730
yate#7944,594316653076938774,"!hey"
yate#7944,594316653076938774,Guild: 532227117283409930 | Channel: 725730150989168730
yate#7944,594316653076938774,"!hey"
yate#7944,594316653076938774,Guild: 532227117283409930 | Channel: 725730150989168730
yate#7944,594316653076938774,"!hey"
yate#7944,594316653076938774,Guild: 532227117283409930 | Channel: 725730150989168730
yate#7944,594316653076938774,"!hey"
yate#7944,594316653076938774,Guild: 532227117283409930 | Channel: 725730150989168730
yate#7944,594316653076938774,"!hey"
yate#7944,594316653076938774,Guild: 532227117283409930 | Channel: 725730150989168730
yate#7944,594316653076938774,"!hey"
yate#7944,594316653076938774,Guild: 532227117283409930 | Channel: 725730150989168730
yate#7944,594316653076938774,"!hey"
yate#7944,594316653076938774,Guild: 532227117283409930 | Channel: 725730150989168730
Anavrein#6882,532227117283409932,"!hi"
Anavrein#6882,532227117283409932,Guild: 532227117283409930 | Channel: 725730150989168730
Anavrein#6882,532227117283409932,"!eatmyass"
zook#0770,594316653076938774,"!bye xqcl"
yate#7944,594316653076938774,"!hey"
yate#7944,594316653076938774,"!hey"
yate#7944,594316653076938774,"!hey"
yate#7944,594316653076938774,Guild: 532227117283409930 | Channel: 725730150989168730
yate#7944,594316653076938774,Guild: 532227117283409930 | Channel: 725730150989168730
yate#7944,594316653076938774,Guild: 532227117283409930 | Channel: 725730150989168730
yate#7944,594316653076938774,"!hey"
yate#7944,594316653076938774,Guild: 532227117283409930 | Channel: 725730150989168730
yate#7944,594316653076938774,"!hey"
yate#7944,594316653076938774,Guild: 532227117283409930 | Channel: 725730150989168730
Anavrein#6882,532227117283409932,"!hi"
Anavrein#6882,532227117283409932,Guild: 532227117283409930 | Channel: 725730150989168730
zook#0770,594316653076938774,"!bye xqcl"
Anavrein#6882,731037375240601671,"<:quinUHMYA:730531457583284356> GŒõZŒ£ I–ü∆¨”® MY Œõ∆ß∆ß <:quinUHMYA:730531457583284356> <:quinUHMYA:730531457583284356> GŒõZŒ£ I–ü∆¨”® MY Œõ∆ß∆ß <:quinUHMYA:730531457583284356> <:quinUHMYA:730531457583284356> GŒõZŒ£ I–ü∆¨”® MY Œõ∆ß∆ß <:quinUHMYA:730531457583284356> <:quinUHMYA:730531457583284356> GŒõZŒ£ I–ü∆¨”® MY Œõ∆ß∆ß <:quinUHMYA:730531457583284356> <:quinUHMYA:730531457583284356> GŒõZŒ£ I–ü∆¨”® MY Œõ∆ß∆ß <:quinUHMYA:730531457583284356> <:quinUHMYA:730531457583284356> GŒõZŒ£ I–ü∆¨”® MY Œõ∆ß∆ß <:quinUHMYA:730531457583284356> <:quinUHMYA:730531457583284356> GŒõZŒ£ I–ü∆¨”® MY Œõ∆ß∆ß <:quinUHMYA:730531457583284356> <:quinUHMYA:730531457583284356> GŒõZŒ£ I–ü∆¨”® MY Œõ∆ß∆ß <:quinUHMYA:730531457583284356> <:quinUHMYA:730531457583284356> GŒõZŒ£ I–ü∆¨”® MY Œõ∆ß∆ß <:quinUHMYA:730531457583284356> <:quinUHMYA:730531457583284356> GŒõZŒ£ I–ü∆¨”® MY Œõ∆ß∆ß <:quinUHMYA:730531457583284356> <:quinUHMYA:730531457583284356> GŒõZŒ£ I–ü∆¨”® MY Œõ∆ß∆ß <:quinUHMYA:730531457583284356> <:quinUHMYA:730531457583284356> GŒõZŒ£ I–ü∆¨”® MY Œõ∆ß∆ß <:quinUHMYA:730531457583284356>"
yate#7944,594316653076938774,"!play https://www.youtube.com/watch?v=B88TVYzhCPY"
Rythm#3722,594316653076938774,"üëç **Joined** `Rhythm` :page_facing_up: **And bound to** `bot-stuff`"
Rythm#3722,594316653076938774,"<:youtube:335112740957978625> **Searching** üîé `https://www.youtube.com/watch?v=B88TVYzhCPY`"
Rythm#3722,594316653076938774,"**Playing** üé∂ `DJ Cummerbund - YYMilk` - Now!"
yate#7944,594316653076938774,"!fs"
Rythm#3722,594316653076938774,"‚è© ***Skipped*** üëç"
Wowhead Retail News#0000,597598472509718530,""
zook#0770,532227117283409932,""
yate#7944,594316653076938774,"!hey"
yate#7944,594316653076938774,"!hey"
yate#7944,594316653076938774,Guild: 532227117283409930 | Channel: 725730150989168730
yate#7944,594316653076938774,Guild: 532227117283409930 | Channel: 725730150989168730
yate#7944,594316653076938774,"!hey"
yate#7944,594316653076938774,Guild: 532227117283409930 | Channel: 725730150989168730
yate#7944,594316653076938774,"!hey"
yate#7944,594316653076938774,Guild: 532227117283409930 | Channel: 725730150989168730
yate#7944,594316653076938774,"!hey"
yate#7944,594316653076938774,Guild: 532227117283409930 | Channel: 725730150989168730
Argygle#4747,594316653076938774,"!bye"
zook#0770,532227117283409932,"<@!121099292084535296> https://youtu.be/ODwMH0ooZVg"
Wowhead Retail News#0000,597598472509718530,""
Wowhead Retail News#0000,597598472509718530,""
Wowhead Retail News#0000,597598472509718530,""
Argygle#4747,532227117283409932,""
Wowhead Retail News#0000,597598472509718530,""
Starlight#1000,532227117283409932,"<:pogaroo:735567321308987432>"
Argygle#4747,532227117283409932,"https://www.twitch.tv/yumytv/clip/GorgeousPluckyTermiteSmoocherZ"
Starlight#1000,532227117283409932,"https://clips.twitch.tv/NaiveNiceScorpionPastaThat"
Argygle#4747,532227117283409932,""
Argygle#4747,532227117283409932,"https://www.wowhead.com/news=317024/new-shadowlands-legendary-runeforged-powers-for-druids-rage-of-the-sleeper-oneth <@!138413059742892032>"
Argygle#4747,532227117283409932,"got some good stuff for bear"
Justin#0279,532227117283409932,"<@228294860929630208> restart bnet client apparently"
Justin#0279,532227117283409932,"And you might have beta"
Argygle#4747,532227117283409932,"nope"
Justin#0279,532227117283409932,"Unlucky"
Starlight#1000,532227117283409932,"me have"
Starlight#1000,532227117283409932,"xd"
Argygle#4747,532227117283409932,"man"
Argygle#4747,532227117283409932,"even another trial in twitch prime got it"
Argygle#4747,532227117283409932,"never lucky"
Justin#0279,532227117283409932,"<@!82915760522924032> beta keys when"
Starlight#1000,532227117283409932,"after push week"
Justin#0279,532227117283409932,"wth heck push week"
Justin#0279,532227117283409932,"that works though"
Argygle#4747,532227117283409932,"maybe i'll have beta too <:staSadcat:446828510426693642>"
Kria#5690,532227117283409932,"https://www.reddit.com/r/FullScorpion/comments/hvi04d/oh_my/?utm_source=share&utm_medium=ios_app&utm_name=iossmf&utm_term=link"
Jungus#0272,711272558519124058,"So Fun news"
Jungus#0272,711272558519124058,"My nursing program that I got accepted into last friday needed an application fee submitted through online banking which is want I went with but they failed to note on the website and same with the administration lady I was contacting that online banking was going to take a week to go through and because I got accepted later do to being on the waitlist they wont get my bank payment"
Jungus#0272,711272558519124058,"I emailed the admin lady back and forth all day today and keep in mind the offices close at 4, the last message she sent me at 2:45 was that I could also pay be credit card which was in fineprint on the payments website but of course I couldnt do it through her it had to be through a different administration so I have about 40 minutes left for them to call me back so I can use my fucking credit card to pay for a course instead of my bank because there were no such details on the course, payments, or administration websites"
Jungus#0272,711272558519124058,"So im sitting on the edge of a breakdown just waiting to get a phone call"
Jungus#0272,711272558519124058,"I love college"
Jungus#0272,711272558519124058,"So much fun and stressfree"
zook#0001,532227117283409932,"<@!163780374672048128> dont scramble the channel names pls"
Justin#0279,532227117283409932,"its not scrambled"
Justin#0279,532227117283409932,"its backwards"
Justin#0279,532227117283409932,"üôÉ"
Justin#0279,532227117283409932,"i read like that"
zook#0001,532227117283409932,"Don‚Äôt do what your doing"
zook#0001,532227117283409932,"Put it back pls"
Justin#0279,532227117283409932,"<:sadcatto:682335492100063285>"
zook#0001,532227117283409932,"<:clrk:733027065183469588>"
Justin#0279,688531587087859727,"Nol"
Justin#0279,688531587087859727,"No"
PatchBot#0000,597598472509718530,""
Wowhead Retail News#0000,597598472509718530,""
Argygle#4747,532227117283409932,""
Wowhead Retail News#0000,597598472509718530,""
zook#0001,613143411830292480,"<@!256261956313284628> <@!177232078495023104> <@!141639152436379648>  http://149.28.35.94:8123/

gonna make it http://worldmap.zsny.dev/ eventually but for now heres a cool feature I added

Anyone not playing on the server can goto that address and check out the map, and even use chat
if you're connected to the map on an IP that is associated with your character it remembers your username and displays it
You can also just use it as a reference to see the landscape and find your way"
zook#0001,613143411830292480,"<@!121462218360356864> you're welcome to join us as well"
zook#0001,613143411830292480,""
zook#0001,613143411830292480,""
zook#0001,613143411830292480,""
zook#0001,613143411830292480,"<@!256261956313284628> this plugin runs linux system commands and pipes them to csv files and then reads them into MC chat"
zook#0001,613143411830292480,"lol"
zook#0001,613143411830292480,"sooooooo cool"
Wowhead Retail News#0000,597598472509718530,""
Argygle#4747,532227117283409932,""
Argygle#4747,532227117283409932,""
Starlight#1000,532227117283409932,"omg"
Starlight#1000,532227117283409932,"the fridge one hurts my soul"
Argygle#4747,532227117283409932,"lol"
Starlight#1000,532227117283409932,"i can imagine that actually happening"
Starlight#1000,532227117283409932,"the fact they even have  the sign scares me"
Argygle#4747,532227117283409932,""
Argygle#4747,532227117283409932,"this picture has a lot of chaotic energy going on"
Argygle#4747,532227117283409932,"<@!82915760522924032> he so smol"
Wowhead Retail News#0000,597598472509718530,""
Starlight#1000,532227117283409932,"THE LEAF IS ALMOST BIGGER THAN HIM"
Starlight#1000,532227117283409932,"https://imgur.com/vZRoa5o"
jcossel#6428,597598472509718530,""
Argygle#4747,532227117283409932,"i love him"
Argygle#4747,532227117283409932,"making biscuits"
Starlight#1000,532227117283409932,"https://twitter.com/planetpng/status/1285073241082597376"
Starlight#1000,532227117283409932,"LOOK AT THIS BOI THOUGH"
Argygle#4747,532227117283409932,"equally good"
Argygle#4747,532227117283409932,"he chirp"
Starlight#1000,532227117283409932,"Look at his ears"
zook#0001,594316653076938774,"!hello"
zook#0001,594316653076938774,"!hey"
zook#0001,594316653076938774,Guild: 532227117283409930 | Channel: 725730150989168730
Starlight#1000,532227117283409932,"can u dont"
chipszahoy#5426,594316653076938774,"!play https://www.youtube.com/watch?v=129kuDCQtHs&list=RDCLAK5uy_lf8okgl2ygD075nhnJVjlfhwp8NsUgEbs&index=8"
Rythm#3722,594316653076938774,"üëç **Joined** `Rhythm` :page_facing_up: **And bound to** `bot-stuff`"
Rythm#3722,594316653076938774,"<:youtube:335112740957978625> **Searching** üîé `https://www.youtube.com/watch?v=129kuDCQtHs&list=RDCLAK5uy_lf8okgl2ygD075nhnJVjlfhwp8NsUgEbs&index=8`"
Rythm#3722,594316653076938774,""
yate#7944,594316653076938774,"!hey"
yate#7944,594316653076938774,Guild: 532227117283409930 | Channel: 725730150989168730
yate#7944,594316653076938774,"!hey"
yate#7944,594316653076938774,Guild: 532227117283409930 | Channel: 725730150989168730
yate#7944,594316653076938774,"!hey"
yate#7944,594316653076938774,Guild: 532227117283409930 | Channel: 725730150989168730
yate#7944,594316653076938774,"!hey"
yate#7944,594316653076938774,Guild: 532227117283409930 | Channel: 725730150989168730
yate#7944,594316653076938774,"!hey"
yate#7944,594316653076938774,Guild: 532227117283409930 | Channel: 725730150989168730
Wowhead Retail News#0000,597598472509718530,""
yate#7944,594316653076938774,"!hey"
yate#7944,594316653076938774,Guild: 532227117283409930 | Channel: 725730150989168730
LordLeesil#4519,731040084555726890,"crub"
LordLeesil#4519,731040084555726890,"hey"
yate#7944,594316653076938774,"!bye xqcl"
xStoltie#9053,532227117283409932,"https://twitter.com/alala_alala_/status/1288656099038703616?fbclid=IwAR2rS2xgz-DqwEQzSo4i7HLf_kxuSaoM57h1fTFimthYGNOdtyjhdseqwKw"
Starlight#1000,532227117283409932,"CAN U DONT"
xStoltie#9053,532227117283409932,"https://www.youtube.com/watch?v=aq4F25PMnTA"
yate#7944,594316653076938774,"!hey"
yate#7944,594316653076938774,Guild: 532227117283409930 | Channel: 725730150989168730
yate#7944,594316653076938774,"!hey"
yate#7944,594316653076938774,Guild: 532227117283409930 | Channel: 725730150989168730
yate#7944,594316653076938774,"!hey"
yate#7944,594316653076938774,Guild: 532227117283409930 | Channel: 725730150989168730
yate#7944,594316653076938774,"!hey"
yate#7944,594316653076938774,Guild: 532227117283409930 | Channel: 725730150989168730
yate#7944,594316653076938774,"!hey"
yate#7944,594316653076938774,Guild: 532227117283409930 | Channel: 725730150989168730
yate#7944,594316653076938774,"!hey"
yate#7944,594316653076938774,Guild: 532227117283409930 | Channel: 725730150989168730
yate#7944,594316653076938774,"!hey"
yate#7944,594316653076938774,Guild: 532227117283409930 | Channel: 725730150989168730
yate#7944,594316653076938774,"!hey"
yate#7944,594316653076938774,Guild: 532227117283409930 | Channel: 725730150989168730
yate#7944,594316653076938774,"!hey"
yate#7944,594316653076938774,Guild: 532227117283409930 | Channel: 725730150989168730
yate#7944,594316653076938774,"!hey"
yate#7944,594316653076938774,Guild: 532227117283409930 | Channel: 725730150989168730
yate#7944,594316653076938774,"!hey"
yate#7944,594316653076938774,"!hey"
yate#7944,594316653076938774,"!hey"
yate#7944,594316653076938774,Guild: 532227117283409930 | Channel: 725730150989168730
yate#7944,594316653076938774,Guild: 532227117283409930 | Channel: 725730150989168730
yate#7944,594316653076938774,Guild: 532227117283409930 | Channel: 725730150989168730
yate#7944,594316653076938774,"!hey"
yate#7944,594316653076938774,Guild: 532227117283409930 | Channel: 725730150989168730
yate#7944,594316653076938774,"!hey"
yate#7944,594316653076938774,Guild: 532227117283409930 | Channel: 725730150989168730
yate#7944,594316653076938774,"!hey"
yate#7944,594316653076938774,Guild: 532227117283409930 | Channel: 725730150989168730
yate#7944,594316653076938774,"!hey"
yate#7944,594316653076938774,Guild: 532227117283409930 | Channel: 725730150989168730
yate#7944,594316653076938774,"!hey"
yate#7944,594316653076938774,Guild: 532227117283409930 | Channel: 725730150989168730
yate#7944,594316653076938774,"!hey"
yate#7944,594316653076938774,Guild: 532227117283409930 | Channel: 725730150989168730
yate#7944,594316653076938774,"!hey"
yate#7944,594316653076938774,Guild: 532227117283409930 | Channel: 725730150989168730
yate#7944,594316653076938774,"!hey"
yate#7944,594316653076938774,Guild: 532227117283409930 | Channel: 725730150989168730
yate#7944,594316653076938774,"!hey"
yate#7944,594316653076938774,Guild: 532227117283409930 | Channel: 725730150989168730
yate#7944,594316653076938774,"!hey"
yate#7944,594316653076938774,Guild: 532227117283409930 | Channel: 725730150989168730
yate#7944,594316653076938774,"!hey"
yate#7944,594316653076938774,Guild: 532227117283409930 | Channel: 725730150989168730
yate#7944,594316653076938774,"!hey"
yate#7944,594316653076938774,Guild: 532227117283409930 | Channel: 725730150989168730
yate#7944,594316653076938774,"!hey"
yate#7944,594316653076938774,Guild: 532227117283409930 | Channel: 725730150989168730
yate#7944,594316653076938774,"!hey"
yate#7944,594316653076938774,"!hey"
yate#7944,594316653076938774,Guild: 532227117283409930 | Channel: 725730150989168730
yate#7944,594316653076938774,Guild: 532227117283409930 | Channel: 725730150989168730
yate#7944,594316653076938774,"!hey"
yate#7944,594316653076938774,Guild: 532227117283409930 | Channel: 725730150989168730
yate#7944,594316653076938774,"!hey"
yate#7944,594316653076938774,Guild: 532227117283409930 | Channel: 725730150989168730
yate#7944,594316653076938774,"!hey"
yate#7944,594316653076938774,Guild: 532227117283409930 | Channel: 725730150989168730
yate#7944,594316653076938774,"!hey"
yate#7944,594316653076938774,Guild: 532227117283409930 | Channel: 725730150989168730
yate#7944,594316653076938774,"!hey"
yate#7944,594316653076938774,Guild: 532227117283409930 | Channel: 725730150989168730
yate#7944,594316653076938774,"!hey"
yate#7944,594316653076938774,Guild: 532227117283409930 | Channel: 725730150989168730
yate#7944,594316653076938774,"!hey"
yate#7944,594316653076938774,Guild: 532227117283409930 | Channel: 725730150989168730
yate#7944,594316653076938774,"!hey"
yate#7944,594316653076938774,Guild: 532227117283409930 | Channel: 725730150989168730
yate#7944,594316653076938774,"!hey"
yate#7944,594316653076938774,Guild: 532227117283409930 | Channel: 725730150989168730
yate#7944,594316653076938774,"!hey"
yate#7944,594316653076938774,Guild: 532227117283409930 | Channel: 725730150989168730
yate#7944,594316653076938774,"!hey"
yate#7944,594316653076938774,Guild: 532227117283409930 | Channel: 725730150989168730
yate#7944,594316653076938774,"!hey"
yate#7944,594316653076938774,Guild: 532227117283409930 | Channel: 725730150989168730
yate#7944,594316653076938774,"!hey"
yate#7944,594316653076938774,Guild: 532227117283409930 | Channel: 725730150989168730
yate#7944,594316653076938774,"!hey"
yate#7944,594316653076938774,Guild: 532227117283409930 | Channel: 725730150989168730
yate#7944,594316653076938774,"!hey"
yate#7944,594316653076938774,Guild: 532227117283409930 | Channel: 725730150989168730
yate#7944,594316653076938774,"!hey"
yate#7944,594316653076938774,Guild: 532227117283409930 | Channel: 725730150989168730
yate#7944,594316653076938774,"!hey"
yate#7944,594316653076938774,Guild: 532227117283409930 | Channel: 725730150989168730
Wowhead Retail News#0000,597598472509718530,""
zook#0001,594316653076938774,"!bye xqcl"
zook#0001,594316653076938774,"!hey"
zook#0001,594316653076938774,Guild: 532227117283409930 | Channel: 725730150989168730
zook#0001,532227117283409932,"https://twitter.com/NVIDIAGeForce/status/1289249121510064129?s=20 <@!228294860929630208> <@!121099292084535296> <@!163780374672048128>"
zook#0001,532227117283409932,"https://youtu.be/13OkD0C_TWU"
zook#0001,532227117283409932,"TOMORROW IS THE BIG DAY <:Pog:676098725319540766>"
Wowhead Retail News#0000,597598472509718530,""
